seed,n_point,F,bestcp,z_vals,d,n_per_z
21,5,0.11718750000000001,"[1.0, 0.2602558703783139, 0.4722354947123436]",0.0 1.0,2,5
