seed,n_point,F,bestcp
18,11,0.26220842830124635,"[0.0, 0.6642032633236872, 0.5024371202574918]"
