seed,n_point,F,bestcp
76,5,0.20506788028386302,"[1.0, 0.4756546293661946, 0.45756806273209305]"
