seed,n_point,F,bestcp
49,5,0.37082042387761566,"[0.0, 0.6062265622893178, 0.4252026734468666]"
