seed,n_point,F,bestcp
85,5,0.25062802212961216,"[0.0, 0.2823954551167418, 0.49426267537795987]"
