seed,n_point,F,bestcp
58,5,0.30995067943913523,"[0.0, 0.5341813658754779, 0.5714361310888053]"
