seed,n_point,F,bestcp
27,11,0.2855952021303973,"[0.0, 0.5610644624175171, 0.6179938402140672]"
