seed,n_point,F,bestcp
28,5,0.4131692467502489,"[0.0, 0.5677684396031347, 0.43533168310534076]"
