seed,n_point,F,bestcp
25,5,0.2241005040171665,"[0.0, 0.451980342301886, 0.3818275256744177]"
