seed,n_point,F,bestcp
81,8,0.29967834569215657,"[0.0, 0.6410180559502998, 0.4670886279633998]"
