seed,n_point,F,bestcp
94,5,0.3616466342061357,"[0.0, 0.5046958586245657, 0.5212154075741635]"
