seed,n_point,F,bestcp
83,5,0.21408308159416067,"[0.0, 0.4644881677265985, 0.3229531122918151]"
