seed,n_point,F,bestcp
41,8,0.3173931973993963,"[1.0, 0.648897192558809, 0.6436186009861141]"
