seed,n_point,F,bestcp
57,5,0.21189934603355134,"[0.0, 0.5386472777912759, 0.4496256381054595]"
