seed,n_point,F,bestcp
80,8,0.26177504574330296,"[0.0, 0.5133171335959834, 0.49479975378060315]"
