seed,n_point,F,bestcp
100,5,0.29440074837216745,"[0.0, 0.7480286937259553, 0.5015740073630813]"
