seed,n_point,F,bestcp
5,11,0.24146253110842433,"[1.0, 0.40122574799263144, 0.5532500397935409]"
