seed,n_point,F,bestcp
52,5,0.20514912774338773,"[0.0, 0.4002630063070908, 0.5401994544641469]"
