seed,n_point,F,bestcp
88,8,0.28515098136041683,"[0.0, 0.4014469189272297, 0.424244287775807]"
