seed,n_point,F,bestcp
16,20,0.32000528124773736,"[0.0, 0.4267458202889547, 0.45790591131320846]"
