seed,n_point,F,bestcp
65,5,0.3014593648784483,"[0.0, 0.5365026034370135, 0.3542901796256427]"
