seed,n_point,F,bestcp
61,5,0.22884723163274695,"[1.0, 0.24522258198732305, 0.5382509343636588]"
