seed,n_point,F,bestcp
74,8,0.2840771251067959,"[1.0, 0.3813513026424141, 0.6369725706243534]"
