seed,n_point,F,bestcp
78,8,0.11585949973390101,"[0.0, 0.49926845934815156, 0.7035489782606762]"
