seed,n_point,F,bestcp
84,8,0.09385946402194556,"[0.0, 0.6065371114523465, 0.7950528784700589]"
