seed,n_point,F,bestcp
60,5,0.28378407268840194,"[0.0, 0.4950885397978405, 0.75235352546746]"
