seed,n_point,F,bestcp
46,5,0.3120762848368137,"[0.0, 0.6074925996741666, 0.41672969108913327]"
