seed,n_point,F,bestcp
15,20,0.2633864253513833,"[1.0, 0.48414201670825785, 0.683090735784935]"
