seed,n_point,F,bestcp
96,8,0.2951328882155446,"[1.0, 0.5698728814882624, 0.4119696742242752]"
