seed,n_point,F,bestcp
62,5,0.15381707048111157,"[1.0, 0.5394633745774188, 0.4975102048885749]"
