seed,n_point,F,bestcp
31,11,0.21444411923631124,"[1.0, 0.36180225905857366, 0.47596611356273544]"
