seed,n_point,F,bestcp
91,5,0.2321543024937024,"[1.0, 0.5514412193702141, 0.528842138869318]"
