seed,n_point,F,bestcp
92,5,0.31767070504983147,"[1.0, 0.2608190237702922, 0.30060076884477993]"
