seed,n_point,F,bestcp
12,15,0.2784402504849228,"[0.0, 0.5464398631696714, 0.5645631535911387]"
