seed,n_point,F,bestcp
53,5,0.2202167802548997,"[1.0, 0.5142261595627114, 0.6502585000733139]"
