seed,n_point,F,bestcp
24,15,0.3293929565123822,"[0.0, 0.5977406372616365, 0.3074423124793745]"
