seed,n_point,F,bestcp
36,5,0.21940897615198793,"[0.0, 0.37437203246515005, 0.41977321126285017]"
