seed,n_point,F,bestcp
10,15,0.26273952884627744,"[1.0, 0.6138883610359921, 0.5311695453871681]"
