seed,n_point,F,bestcp
97,5,0.4125255148511614,"[0.0, 0.3402531914473754, 0.5003137631496293]"
