seed,n_point,F,bestcp
89,5,0.35383987365490666,"[1.0, 0.522508247077905, 0.4726649110431306]"
