seed,n_point,F,bestcp
77,8,0.2863454584640437,"[0.0, 0.5007204488500702, 0.41618015529534025]"
