seed,n_point,F,bestcp
51,8,0.22478426278185024,"[1.0, 0.4400156198720878, 0.6388412332199748]"
