seed,n_point,F,bestcp
68,5,0.357873270353011,"[1.0, 0.5195730174871392, 0.476613486936456]"
