seed,n_point,F,bestcp
72,8,0.3104561510121919,"[0.0, 0.49382728143488297, 0.3961612996161211]"
