seed,n_point,F,bestcp
17,8,0.341297919978123,"[1.0, 0.3858240375891985, 0.42816449909360843]"
