seed,n_point,F,bestcp
87,5,0.3506788183871124,"[1.0, 0.444193280238077, 0.3245745459931385]"
