seed,n_point,F,bestcp
67,8,0.2631270498966698,"[0.0, 0.518625986683337, 0.39311686312280125]"
