seed,n_point,F,bestcp
7,5,0.3578005152526495,"[1.0, 0.5736411794985231, 0.6387499660221029]"
