seed,n_point,F,bestcp
14,11,0.2678630279706154,"[0.0, 0.6331373954105736, 0.5007398668876059]"
