seed,n_point,F,bestcp
21,15,0.38166739177724607,"[1.0, 0.6560873517444038, 0.4403019037015443]"
