seed,n_point,F,bestcp
79,5,0.31582928752396466,"[1.0, 0.585588642177695, 0.47974219192386736]"
