seed,n_point,F,bestcp
93,5,0.3569510343518694,"[1.0, 0.5809294596755713, 0.48898142029326885]"
