seed,n_point,F,bestcp
50,11,0.4190733573048118,"[0.0, 0.43782205119907136, 0.5855746381902066]"
