seed,n_point,F,bestcp
86,8,0.3060514230903087,"[1.0, 0.4579863765786729, 0.5867428565591608]"
