seed,n_point,F,bestcp
99,8,0.2175866388308977,"[1.0, 0.5944352016949038, 0.25933595527189446]"
