seed,n_point,F,bestcp
69,5,0.36920313411127564,"[1.0, 0.5557970578613529, 0.6002078640140984]"
