seed,n_point,F,bestcp
8,5,0.30486539802391033,"[0.0, 0.509974007901371, 0.5650279397645245]"
