seed,n_point,F,bestcp
22,5,0.3785920065515274,"[0.0, 0.41673202304119017, 0.6063814336878434]"
