seed,n_point,F,bestcp
19,11,0.2604475887445118,"[1.0, 0.4990311255160551, 0.5566553089126894]"
