seed,n_point,F,bestcp
39,5,0.3653412613425013,"[0.0, 0.47323746268525035, 0.5156359089813172]"
