seed,n_point,F,bestcp
44,5,0.1875440100419435,"[0.0, 0.3831278308783803, 0.704514892740968]"
