seed,n_point,F,bestcp
37,5,0.4297057345965243,"[0.0, 0.4583294211933332, 0.384648556601927]"
