seed,n_point,F,bestcp
70,8,0.2275304870753942,"[0.0, 0.3556398118381643, 0.41945814027541317]"
