seed,n_point,F,bestcp
26,8,0.34223421199027615,"[1.0, 0.47786465868206196, 0.4800358338412287]"
