seed,n_point,F,bestcp
64,5,0.29210345043521824,"[0.0, 0.6167738550072687, 0.29125853273510327]"
