seed,n_point,F,bestcp
54,5,0.3298166931761884,"[0.0, 0.6032334294181423, 0.5703863085571106]"
