seed,n_point,F,bestcp
13,11,0.31645975350999955,"[1.0, 0.5826751472313618, 0.5846239831347064]"
