seed,n_point,F,bestcp
55,8,0.4226425354508569,"[0.0, 0.35908212347638313, 0.5587979057506938]"
