seed,n_point,F,bestcp
38,8,0.24059681529813653,"[1.0, 0.3559209864878694, 0.505486157243384]"
