seed,n_point,F,bestcp
4,5,0.21966817611748823,"[1.0, 0.7842760222170254, 0.6283150439341991]"
