seed,n_point,F,bestcp
30,8,0.24097331240188383,"[0.0, 0.38734608432139517, 0.5814100616336734]"
