seed,n_point,F,bestcp
2,15,0.33358190920075953,"[1.0, 0.4683243818567153, 0.35504944704024455]"
