seed,n_point,F,bestcp
42,5,0.32028754509024504,"[0.0, 0.5551980423268247, 0.6339751116810851]"
