seed,n_point,F,bestcp
73,5,0.3577850047193174,"[1.0, 0.5244137638577975, 0.39937956382872]"
