seed,n_point,F,bestcp
98,5,0.411074244839919,"[0.0, 0.41647566793368573, 0.44195193062373195]"
