seed,n_point,F,bestcp
32,8,0.22248497920197194,"[0.0, 0.6687754042702724, 0.6600679755938986]"
