seed,n_point,F,bestcp
20,5,0.28569157507569354,"[1.0, 0.45984812065223757, 0.2958112968254487]"
