seed,n_point,F,bestcp
56,5,0.3447657227007632,"[1.0, 0.574187651052727, 0.4828003551980026]"
