seed,n_point,F,bestcp
82,5,0.25784983697351377,"[0.0, 0.456346732853817, 0.5733590518786496]"
