seed,n_point,F,bestcp
66,8,0.2015379962846157,"[0.0, 0.48541950143483825, 0.6400603078927457]"
