seed,n_point,F,bestcp
11,5,0.37454806858785966,"[0.0, 0.5021592091590938, 0.4489960917456721]"
