seed,n_point,F,bestcp
48,8,0.3047818627733192,"[1.0, 0.4571937367058283, 0.37057738390187256]"
