seed,n_point,F,bestcp
6,5,0.314914499176315,"[1.0, 0.418342830892918, 0.5427339293852906]"
