seed,n_point,F,bestcp
45,8,0.23293579966466546,"[1.0, 0.7056394327700938, 0.5168638217765055]"
