seed,n_point,F,bestcp
63,8,0.16310626431630315,"[1.0, 0.5300591032808767, 0.2921858500071969]"
