seed,n_point,F,bestcp
29,8,0.3074242221925491,"[1.0, 0.544560519910445, 0.6429371504854869]"
