seed,n_point,F,bestcp
90,5,0.4009340615847384,"[0.0, 0.5349581604408159, 0.48533842523388515]"
