seed,n_point,F,bestcp
3,5,0.25262767404476316,"[0.0, 0.5116450272870918, 0.33643108386183496]"
