seed,n_point,F,bestcp
59,5,0.22300229588979725,"[1.0, 0.40918845322923125, 0.3932026678468653]"
