seed,n_point,F,bestcp
47,8,0.35420184349655387,"[1.0, 0.574468752620949, 0.5031601349657646]"
