seed,n_point,F,bestcp
9,5,0.386426418569078,"[1.0, 0.5004013271784574, 0.568854340604399]"
