seed,n_point,F,bestcp
71,5,0.22324665841191224,"[1.0, 0.4549658498452175, 0.5143320831279985]"
