seed,n_point,F,bestcp
23,5,0.15312347088566303,"[0.0, 0.5783593242921524, 0.5181753241019371]"
