seed,n_point,F,bestcp
33,5,0.2207891908490711,"[1.0, 0.44238510235877815, 0.32380053450780955]"
