seed,n_point,F,bestcp
40,8,0.24965906185186235,"[1.0, 0.39955170495034464, 0.31284022249792864]"
