seed,n_point,F,bestcp
43,11,0.2965350206428492,"[1.0, 0.5713454260675248, 0.48334962139319915]"
