seed,n_point,F,bestcp
34,5,0.24214554962593932,"[1.0, 0.6714326879324926, 0.6274956270889447]"
