seed,n_point,F,bestcp
75,5,0.23734585627892835,"[0.0, 0.6161586750358901, 0.284840439353251]"
