seed,n_point,F,bestcp
1,5,0.3496724212137153,"[0.0, 0.4227169069454373, 0.5895020620840481]"
