seed,n_point,F,bestcp
95,8,0.39838155318686097,"[1.0, 0.4773102037371605, 0.5572023581461691]"
