seed,n_point,F,bestcp_0,bestcp_1,bestcp_2
22,5,0.4112600000005887,1.0,0.412727351152148,0.49753970064063857
