seed,n_point,F,bestcp_0,bestcp_1,bestcp_2
46,8,0.42627603725714525,1.0,0.5220264792849741,0.4451671642373116
