seed,n_point,F,bestcp_0,bestcp_1,bestcp_2
32,8,0.4787833333328545,1.0,0.4868690115119165,0.49559356348617023
