seed,n_point,F,bestcp_0,bestcp_1,bestcp_2
34,5,0.4099866666672568,1.0,0.5400765429364487,0.5516129917974998
