seed,n_point,F,bestcp_0,bestcp_1,bestcp_2
38,8,0.43393333333289935,1.0,0.49659704805823346,0.43815128362196865
