seed,n_point,F,bestcp_0,bestcp_1,bestcp_2
74,8,0.41142999999958857,1.0,0.564838089765307,0.5245346994047532
