seed,n_point,F,bestcp_0,bestcp_1,bestcp_2
10,5,0.4396166666672271,1.0,0.5236131179437791,0.46437256951142347
