seed,n_point,F,bestcp_0,bestcp_1,bestcp_2
23,8,0.43857614552611257,1.0,0.5815156013750654,0.43718617345339683
