seed,n_point,F,bestcp_0,bestcp_1,bestcp_2
84,5,0.4457500000005543,1.0,0.44761949469642826,0.49941597352649225
