seed,n_point,F,bestcp_0,bestcp_1,bestcp_2
75,5,0.3918200000006081,1.0,0.5374854108969259,0.425623241971524
