seed,n_point,F,bestcp_0,bestcp_1,bestcp_2
17,5,0.46002333333287326,1.0,0.5201235141406358,0.5173141948388994
