seed,n_point,F,bestcp_0,bestcp_1,bestcp_2
87,5,0.42251333333391083,1.0,0.5643656898746933,0.5130559142812038
