seed,n_point,F,bestcp_0,bestcp_1,bestcp_2
57,8,0.3989300000006011,1.0,0.4179952521262673,0.4792630159291227
