seed,n_point,F,bestcp_0,bestcp_1,bestcp_2
71,8,0.43923999999956076,1.0,0.4549658498452175,0.5143320831279985
