seed,n_point,F,bestcp_0,bestcp_1,bestcp_2
91,5,0.4287333333329046,1.0,0.47669061343706165,0.5483421898648763
