seed,n_point,F,bestcp_0,bestcp_1,bestcp_2
97,8,0.41393333333391946,1.0,0.4323112443308639,0.5194819815384961
