seed,n_point,F,bestcp_0,bestcp_1,bestcp_2
33,5,0.4160162923888277,1.0,0.5014461986008099,0.5949350496988504
