seed,n_point,F,bestcp_0,bestcp_1,bestcp_2
81,5,0.4408366666662258,1.0,0.44454534542234736,0.5030712987044201
