seed,n_point,F,bestcp_0,bestcp_1,bestcp_2
49,8,0.44903604358699983,1.0,0.6056277728236916,0.4320165802091742
