seed,n_point,F,bestcp_0,bestcp_1,bestcp_2
26,8,0.4558866666672108,1.0,0.47786465868206196,0.4800358338412287
