seed,n_point,F,bestcp_0,bestcp_1,bestcp_2
53,8,0.43900000000056094,1.0,0.4947138001269167,0.44517020878768543
