seed,n_point,F,bestcp_0,bestcp_1,bestcp_2
94,5,0.43909333333389433,1.0,0.47057221121175397,0.4692703149550578
