seed,n_point,F,bestcp_0,bestcp_1,bestcp_2
52,8,0.4078299999995922,1.0,0.5742262956352919,0.5195435791899286
