seed,n_point,F,bestcp_0,bestcp_1,bestcp_2
80,5,0.4786899999995213,1.0,0.5133171335959834,0.49479975378060315
