seed,n_point,F,bestcp_0,bestcp_1,bestcp_2
58,5,0.44669000000055337,1.0,0.5342996282279978,0.4823395861180221
