seed,n_point,F,bestcp_0,bestcp_1,bestcp_2
48,5,0.41017666666625646,1.0,0.5767248783894344,0.48493934135110983
