seed,n_point,F,bestcp_0,bestcp_1,bestcp_2
27,8,0.4298566666662368,1.0,0.5505004159860133,0.5186682274967825
