seed,n_point,F,bestcp_0,bestcp_1,bestcp_2
69,8,0.4396166666672271,1.0,0.4638435848803324,0.5230384086981926
