seed,n_point,F,bestcp_0,bestcp_1,bestcp_2
62,8,0.4447866666672219,1.0,0.5152350049813131,0.5390341743388682
