seed,n_point,F,bestcp_0,bestcp_1,bestcp_2
7,8,0.4496233333328837,1.0,0.5148888202713703,0.4662060253252891
