seed,n_point,F,bestcp_0,bestcp_1,bestcp_2
61,8,0.40289333333293037,1.0,0.47852402505063496,0.5776727091704652
