seed,n_point,F,bestcp_0,bestcp_1,bestcp_2
9,5,0.4454966666662211,1.0,0.45290910740373125,0.49347433191703816
