seed,n_point,F,bestcp_0,bestcp_1,bestcp_2
2,5,0.4383133333338951,1.0,0.45058453555176214,0.4884985730839694
