seed,n_point,F,bestcp_0,bestcp_1,bestcp_2
68,5,0.46473333333286854,1.0,0.4993523726373047,0.4671095004428141
