seed,n_point,F,bestcp_0,bestcp_1,bestcp_2
36,8,0.41802999999958196,1.0,0.45900875395236296,0.45792828807028974
