seed,n_point,F,bestcp_0,bestcp_1,bestcp_2
1,5,0.43074999999956926,1.0,0.5285892632600216,0.4593358828854037
