seed,n_point,F,bestcp_0,bestcp_1,bestcp_2
99,8,0.39644106528367884,1.0,0.42168034668515764,0.7315054450206114
