seed,n_point,F,bestcp_0,bestcp_1,bestcp_2
64,8,0.377766666667289,1.0,0.5339968391149756,0.40646532655780865
