seed,n_point,F,bestcp_0,bestcp_1,bestcp_2
76,5,0.44573333333388765,1.0,0.4965359212636907,0.5494157844780672
