seed,n_point,F,bestcp_0,bestcp_1,bestcp_2
70,5,0.3780666666662886,1.0,0.3965455792250423,0.5236488439931664
