seed,n_point,F,bestcp_0,bestcp_1,bestcp_2
86,8,0.4484466666662182,1.0,0.5492135732365458,0.49933928539330275
