seed,n_point,F,bestcp_0,bestcp_1,bestcp_2
54,8,0.39562333333393773,1.0,0.5197106007107111,0.4127881054406096
