seed,n_point,F,bestcp_0,bestcp_1,bestcp_2
12,5,0.46528666666620133,1.0,0.4786424573732301,0.4889646982207405
