seed,n_point,F,bestcp_0,bestcp_1,bestcp_2
79,5,0.41955333333391387,1.0,0.5044384789775392,0.5763182404219984
