seed,n_point,F,bestcp_0,bestcp_1,bestcp_2
41,5,0.4353466666662313,1.0,0.4470840653917375,0.48957405069369453
