seed,n_point,F,bestcp_0,bestcp_1,bestcp_2
67,8,0.4625031930287704,1.0,0.44421693907302284,0.5084602627261956
