seed,n_point,F,bestcp_0,bestcp_1,bestcp_2
4,5,0.4906366666671761,1.0,0.49361983395611486,0.5002261893487459
