seed,n_point,F,bestcp_0,bestcp_1,bestcp_2
56,5,0.4414099999995586,1.0,0.4657071091764582,0.5231910259474214
