seed,n_point,F,bestcp_0,bestcp_1,bestcp_2
88,5,0.4147566666662519,1.0,0.4238818788411254,0.5102828370691903
