seed,n_point,F,bestcp_0,bestcp_1,bestcp_2
40,5,0.4694554855132257,1.0,0.5781438588756301,0.47866014650431565
