seed,n_point,F,bestcp_0,bestcp_1,bestcp_2
42,8,0.4067099999995933,1.0,0.4710962061431325,0.5652361064811888
