seed,n_point,F,bestcp_0,bestcp_1,bestcp_2
44,5,0.39798666666626864,1.0,0.476787376021111,0.4181667652269564
