seed,n_point,F,bestcp_0,bestcp_1,bestcp_2
6,8,0.44395999999955604,1.0,0.47591161024500894,0.5308136136065099
