seed,n_point,F,bestcp_0,bestcp_1,bestcp_2
3,8,0.451150479677761,1.0,0.5230497755258564,0.5547374324650892
