seed,n_point,F,bestcp_0,bestcp_1,bestcp_2
85,8,0.4626833333328706,1.0,0.52835626536596,0.5071562697338211
