seed,n_point,F,bestcp_0,bestcp_1,bestcp_2
49,5,0.4341833333328991,1.0,0.4363546022083491,0.5021608934666473
