seed,n_point,F,bestcp_0,bestcp_1,bestcp_2
93,5,0.4807966666671859,1.0,0.49200840468412466,0.5084533949290048
