seed,n_point,F,bestcp_0,bestcp_1,bestcp_2
5,8,0.4443866666672224,1.0,0.5299633264027296,0.4771744759028156
