seed,n_point,F,bestcp_0,bestcp_1,bestcp_2
77,8,0.4596100000005404,1.0,0.5139282038988363,0.5247406253045293
