seed,n_point,F,bestcp_0,bestcp_1,bestcp_2
15,5,0.477303333332856,1.0,0.5184813282599675,0.4985749658436679
