seed,n_point,F,bestcp_0,bestcp_1,bestcp_2
11,8,0.42997000000057006,1.0,0.5537303628652278,0.4836246969233877
