seed,n_point,F,bestcp_0,bestcp_1,bestcp_2
19,5,0.48197966937002235,1.0,0.5726495283271344,0.5015981818087427
