seed,n_point,F,bestcp_0,bestcp_1,bestcp_2
59,8,0.3935199999996064,1.0,0.43956729228519775,0.4508933514178678
