seed,n_point,F,bestcp_0,bestcp_1,bestcp_2
55,5,0.4250566666672416,1.0,0.45367761882417723,0.5286420453131454
