seed,n_point,F,bestcp_0,bestcp_1,bestcp_2
73,8,0.3484800000006516,1.0,0.602940847094988,0.44091645680085645
