seed,n_point,F,bestcp_0,bestcp_1,bestcp_2
51,8,0.4090000000005911,1.0,0.43778650237446337,0.5303742620158922
