seed,n_point,F,bestcp_0,bestcp_1,bestcp_2
25,8,0.4562466666662104,1.0,0.49191438006122623,0.46630970967863383
