seed,n_point,F,bestcp_0,bestcp_1,bestcp_2
28,8,0.39967999999960024,1.0,0.4797491777259638,0.5823460424851591
