seed,n_point,F,bestcp_0,bestcp_1,bestcp_2
20,8,0.45756333333287574,1.0,0.4755993921214865,0.4841309310033286
