seed,n_point,F,bestcp_0,bestcp_1,bestcp_2
100,5,0.46253666666720417,1.0,0.5015740073630813,0.4663081036257394
