seed,n_point,F,bestcp_0,bestcp_1,bestcp_2
8,5,0.3639633333329694,1.0,0.5300746144783842,0.6129076702014449
