seed,n_point,F,bestcp_0,bestcp_1,bestcp_2
95,5,0.43277333333390067,1.0,0.5457173541431302,0.5213741851576618
