seed,n_point,F,bestcp_0,bestcp_1,bestcp_2
63,8,0.4793499999995206,1.0,0.4946889732020867,0.4879561474538505
