seed,n_point,F,bestcp_0,bestcp_1,bestcp_2
82,8,0.3861966666672805,1.0,0.4743162523979836,0.4075099930895688
