seed,n_point,F,bestcp_0,bestcp_1,bestcp_2
3,5,0.44382333333388957,1.0,0.48074700192606445,0.5362449255698115
