seed,n_point,F,bestcp_0,bestcp_1,bestcp_2
72,5,0.4582499999995417,1.0,0.4674589756281343,0.49229197304891725
