seed,n_point,F,bestcp_0,bestcp_1,bestcp_2
89,5,0.4488999999995511,1.0,0.522508247077905,0.4726649110431306
