seed,n_point,F,bestcp_0,bestcp_1,bestcp_2
35,5,0.4232900000005768,1.0,0.45786799187178084,0.4651732880263997
