seed,n_point,F,bestcp_0,bestcp_1,bestcp_2
90,5,0.44867666666721795,1.0,0.5349581604408159,0.48533842523388515
