seed,n_point,F,bestcp_0,bestcp_1,bestcp_2
43,8,0.45858000000054144,1.0,0.5026808980590268,0.5364654329128539
