seed,n_point,F,bestcp_0,bestcp_1,bestcp_2
50,5,0.4185599999995814,1.0,0.42214158722190087,0.5041827432699247
