seed,n_point,F,bestcp_0,bestcp_1,bestcp_2
96,8,0.39902666666626757,1.0,0.5032740076378318,0.3994015108626966
