seed,n_point,F,bestcp_0,bestcp_1,bestcp_2
45,5,0.425949999999574,1.0,0.44994821846737953,0.4756281599793606
