seed,n_point,F,bestcp_0,bestcp_1,bestcp_2
23,5,0.40571666666626094,1.0,0.5783593242921524,0.5181753241019371
