seed,n_point,F,bestcp_0,bestcp_1,bestcp_2
13,8,0.4831466666661835,1.0,0.506979159656347,0.5074810993396169
