seed,n_point,F,bestcp_0,bestcp_1,bestcp_2
83,8,0.4812882070093991,1.0,0.6088131957539342,0.48932091888640983
