seed,n_point,F,bestcp_0,bestcp_1,bestcp_2
37,5,0.3552200000006448,1.0,0.40413625392824293,0.5584789819513758
