seed,n_point,F,bestcp_0,bestcp_1,bestcp_2
39,5,0.3820299999996179,1.0,0.427768118556179,0.5508048449006507
