seed,n_point,F,bestcp_0,bestcp_1,bestcp_2
98,8,0.45042333333288287,1.0,0.5380186646930174,0.4899254433860982
