seed,n_point,F,bestcp_0,bestcp_1,bestcp_2
65,5,0.4212866666662453,1.0,0.4919915037243564,0.42933081892348435
