seed,n_point,F,bestcp_0,bestcp_1,bestcp_2
24,5,0.42142000000057867,1.0,0.4654624241876759,0.45520604209898596
