seed,n_point,F,bestcp_0,bestcp_1,bestcp_2
92,5,0.389323333332944,1.0,0.4252353151290581,0.46008030482756646
