seed,n_point,F,bestcp_0,bestcp_1,bestcp_2
21,8,0.426283333332907,1.0,0.5197146406701048,0.5545890352109203
