seed,n_point,F,bestcp_0,bestcp_1,bestcp_2
78,8,0.47816666666618846,1.0,0.500598287634586,0.48131853507206335
