seed,n_point,F,bestcp_0,bestcp_1,bestcp_2
31,8,0.34804999999965197,1.0,0.36180225905857366,0.47596611356273544
