seed,n_point,F,bestcp_0,bestcp_1,bestcp_2
30,5,0.4111466666662555,1.0,0.5213779943689025,0.5686800287785313
