seed,n_point,F,bestcp_0,bestcp_1,bestcp_2
29,5,0.4721133333338613,1.0,0.5063222985714494,0.5192340296297115
