seed,n_point,F,bestcp_0,bestcp_1,bestcp_2
60,5,0.4111833333339222,1.0,0.5065053612729732,0.5839383641697372
