seed,n_point,F,bestcp_0,bestcp_1,bestcp_2
99,5,0.4237966666662428,1.0,0.5650916317844883,0.5119159596920518
