seed,n_point,F,bestcp_0,bestcp_1,bestcp_2
14,5,0.44784000000055224,1.0,0.4622171431409099,0.5124146082955037
