seed,n_point,F,bestcp_0,bestcp_1,bestcp_2
47,8,0.4224666666672442,1.0,0.574468752620949,0.5031601349657646
