seed,n_point,F,bestcp_0,bestcp_1,bestcp_2
83,5,0.450636666666216,1.0,0.5454136840763693,0.497572292049536
