seed,n_point,F,bestcp_0,bestcp_1,bestcp_2
16,8,0.4363966666672303,1.0,0.5133431727011761,0.4508640500694211
