seed,n_point,F,bestcp_0,bestcp_1,bestcp_2
66,8,0.4494066666662172,1.0,0.4691241735886875,0.48267738657345916
