seed,n_point,F,bestcp_0,bestcp_1,bestcp_2
18,5,0.41648333333391685,1.0,0.5065500650281386,0.4221740755115696
