n_point,F,bestcp
300000,0.20800455108573815,[1.         0.14301771 0.6526698 ]
