{
  "mode": "ortel_parallel",
  "d": 2,
  "z_vals": [
    0,
    1
  ],
  "n_per_z": 5,
  "N_cp": 50,
  "N_hip": 100,
  "N": 100000,
  "tol": 1e-09,
  "batch": 5000,
  "guided": false,
  "defer_rejection": true,
  "seed": 100,
  "F": 0.22067491158929448,
  "bestCP": [
    1.0,
    0.18494899508588236,
    0.7096189119492047
  ]
}