{
  "mode": "ortel_parallel",
  "d": 2,
  "z_vals": [
    0,
    1
  ],
  "n_per_z": 5,
  "N_cp": 50,
  "N_hip": 100,
  "N": 100000,
  "tol": 1e-09,
  "batch": 5000,
  "guided": false,
  "defer_rejection": true,
  "seed": 101,
  "F": 0.23560703388575394,
  "bestCP": [
    0.0,
    0.19275633043766371,
    0.6863947031969191
  ]
}